time_s,air_velocity_m_s,top_count,bottom_count,flow_setpoint_m3_h
0.008,1.2409443820497217,0,57,75.0
0.016,1.4968309397465347,0,57,75.0
0.024,1.706333133832179,0,57,75.0
0.032,1.8778590229674081,0,57,75.0
0.04,2.0182925433514645,0,57,75.0
0.048,2.133269785252895,0,57,75.0
0.056,2.227405189101683,0,57,75.0
0.064,2.304476739186101,0,57,75.0
0.07200000000000001,2.3675775874276037,0,57,75.0
0.08000000000000002,2.4192401924282287,0,57,75.0
0.08800000000000002,2.4615379559263606,0,57,75.0
0.09600000000000003,2.496168435688701,0,57,75.0
0.10400000000000004,2.5245214744639735,0,57,75.0
0.11200000000000004,2.5477349792525015,0,57,75.0
0.12000000000000005,2.566740589509592,0,57,75.0
0.12800000000000006,2.5823010671080864,0,57,75.0
0.13600000000000007,2.282500361303556,0,57,75.0
0.14400000000000007,2.037044303666902,0,57,75.0
0.15200000000000008,1.8360818807504926,0,57,75.0
0.1600000000000001,1.6715477648957644,0,57,75.0
0.1680000000000001,1.5368386243150027,0,57,75.0
0.1760000000000001,1.4265481082008282,0,57,75.0
0.1840000000000001,1.3362498708853108,0,57,75.0
0.19200000000000012,1.2623199270463628,0,57,75.0
0.20000000000000012,1.201791208452088,0,57,75.0
0.20800000000000013,1.1522344850945523,0,57,75.0
0.21600000000000014,1.1116608716599596,0,57,75.0
0.22400000000000014,1.0784420065775608,0,57,75.0
0.23200000000000015,1.0512447001522525,0,57,75.0
0.24000000000000016,1.0289774289809672,0,57,75.0
0.24800000000000016,1.0107465292859092,0,57,75.0
0.25600000000000017,0.9958203310492851,0,57,75.0
0.2640000000000002,1.2961403408734218,0,57,75.0
0.2720000000000002,1.542021568681124,0,57,75.0
0.2800000000000002,1.743332091491863,0,57,75.0
0.2880000000000002,1.9081512074352216,0,57,75.0
0.2960000000000002,2.0430936863531746,0,57,75.0
0.3040000000000002,2.15357524373988,0,57,75.0
0.3120000000000002,2.2440298924203255,0,57,75.0
0.32000000000000023,2.3180878950538713,0,57,75.0
0.32800000000000024,2.378721459321485,0,57,75.0
0.33600000000000024,2.4283640230561105,0,57,75.0
0.34400000000000025,2.4690079166472825,0,57,75.0
0.35200000000000026,2.502284322255204,0,57,75.0
0.36000000000000026,2.529528738878306,0,57,75.0
0.36800000000000027,2.5518345806173084,0,57,75.0
0.3760000000000003,2.57009705922232,0,57,75.0
0.3840000000000003,2.272508564736673,0,57,75.0
0.3920000000000003,2.0288637125390965,0,57,75.0
0.4000000000000003,1.8293841792158008,0,57,75.0
0.4080000000000003,1.6660641506743745,0,57,75.0
0.4160000000000003,1.5323490207139352,0,57,75.0
0.4240000000000003,1.4228723316635044,0,57,75.0
0.43200000000000033,1.3332403995927613,0,57,75.0
0.44000000000000034,1.2598559803486473,0,57,75.0
0.44800000000000034,1.1997738995167233,0,57,75.0
0.45600000000000035,1.15058285223071,0,57,75.0
0.46400000000000036,1.1103086290415378,0,57,75.0
0.47200000000000036,1.0773348839602364,0,57,75.0
0.48000000000000037,1.0503382648180206,0,57,75.0
0.4880000000000004,1.0282353024971551,0,57,75.0
0.4960000000000004,1.0101389275109385,0,57,75.0
0.5040000000000003,0.9953228687904919,0,57,75.0
0.5120000000000003,1.2957330532236522,0,57,75.0
0.5200000000000004,1.5416881097569088,0,57,75.0
0.5280000000000004,1.7430590784157196,0,57,75.0
0.5360000000000004,1.9079276832337904,0,57,75.0
0.5440000000000004,2.042910680215406,0,57,75.0
0.5520000000000004,2.1534254109868867,0,57,75.0
0.5600000000000004,2.2439072197376317,0,57,75.0
0.5680000000000004,2.317987459155987,0,57,75.0
0.5760000000000004,2.378639229363174,0,57,75.0
0.5840000000000004,2.428296698860417,0,57,75.0
0.5920000000000004,2.468952796257842,0,57,75.0
0.6000000000000004,2.5022391934972474,0,57,75.0
0.6080000000000004,2.5294917905763183,0,57,75.0
0.6160000000000004,2.5518043299061968,0,57,75.0
0.6240000000000004,2.5700722920348307,0,57,75.0
0.6320000000000005,2.585028834425607,0,57,75.0
0.6400000000000005,2.284733668293651,0,57,75.0
0.6480000000000005,2.0388727807807574,0,57,75.0
0.6560000000000005,1.8375789111949048,0,57,75.0
0.6640000000000005,1.6727734297588985,0,57,75.0
0.6720000000000005,1.5378421138314178,0,57,75.0
0.6800000000000005,1.4273696959283084,0,57,75.0
0.6880000000000005,1.3369225300241503,0,57,75.0
0.6960000000000005,1.26287065376967,0,57,75.0
0.7040000000000005,1.2022421053570014,0,57,75.0
0.7120000000000005,1.1526036482570725,0,57,75.0
0.7200000000000005,1.1119631168940185,0,57,75.0
0.7280000000000005,1.078689464045656,0,57,75.0
0.7360000000000005,1.051447301191461,0,57,75.0
0.7440000000000005,1.0291433046823728,0,57,75.0
0.7520000000000006,1.0108823368238384,0,57,76.0
0.7600000000000006,1.3148831563547945,0,57,76.0
0.7680000000000006,1.5637779762656976,0,57,76.0
0.7760000000000006,1.7675558196085601,0,57,76.0
0.7840000000000006,1.934395006749269,0,57,76.0
0.7920000000000006,2.0709913800799,0,57,76.0
0.8000000000000006,2.1828270316846083,0,57,76.0
0.8080000000000006,2.2743903189438983,0,57,76.0
0.8160000000000006,2.349355998075992,0,57,76.0
0.8240000000000006,2.4107327050068137,0,57,76.0
0.8320000000000006,2.460983702493732,0,57,76.0
0.8400000000000006,2.5021257395091165,0,57,76.0
0.8480000000000006,2.535809990457884,0,57,76.0
0.8560000000000006,2.5633883226040366,0,57,76.0
0.8640000000000007,2.5859675512506906,0,57,76.0
0.8720000000000007,2.6044538601244853,0,57,76.0
0.8800000000000007,2.61958916971036,0,57,76.0
0.8880000000000007,2.315273158480712,0,57,76.0
0.8960000000000007,2.066120281432975,0,57,76.0
0.9040000000000007,1.8621311587761353,0,57,76.0
0.9120000000000007,1.6951189907635844,0,57,76.0
0.9200000000000007,1.558380992673482,0,57,76.0
0.9280000000000007,1.446429388522797,0,57,76.0
0.9360000000000007,1.3547711673482183,0,57,76.0
0.9440000000000007,1.2797277629001673,0,57,76.0
0.9520000000000007,1.218287419862879,0,57,76.0
0.9600000000000007,1.1679843215385906,0,57,76.0
0.9680000000000007,1.12679962796539,0,57,76.0
0.9760000000000008,1.0930804527809177,0,57,76.0
0.9840000000000008,1.0654735270889664,0,57,76.0
0.9920000000000008,1.042870888027027,0,57,76.0
1.0000000000000007,1.0243654123262955,0,57,76.0
1.0080000000000007,1.3259221649147284,0,57,76.0
1.0160000000000007,1.5728159520572067,0,57,76.0
1.0240000000000007,1.7749554883346428,0,57,76.0
1.0320000000000007,1.940453343097902,0,57,76.0
1.0400000000000007,2.075951526361016,0,57,76.0
1.0480000000000007,2.1868880559847232,0,57,76.0
1.0560000000000007,2.277715204427399,0,57,76.0
1.0640000000000007,2.352078184071797,0,57,76.0
1.0720000000000007,2.4129614423971777,0,57,76.0
1.0800000000000007,2.462808438335758,0,57,76.0
1.0880000000000007,2.5036197068592263,0,57,76.0
1.0960000000000008,2.5370331474715133,0,57,76.0
1.1040000000000008,2.5643897588669375,0,57,76.0
1.1120000000000008,2.586787457916375,0,57,76.0
1.1200000000000008,2.6051251429263353,0,57,76.0
1.1280000000000008,2.6201387695842464,0,57,76.0
1.1360000000000008,2.315723132799351,0,57,76.0
1.1440000000000008,2.0664886892457397,0,57,76.0
1.1520000000000008,1.8624327855821203,0,57,76.0
1.1600000000000008,1.6953659419055969,0,57,76.0
1.1680000000000008,1.5585831791679554,0,57,76.0
1.1760000000000008,1.4465949248236794,0,57,76.0
1.1840000000000008,1.3549066970085017,0,57,76.0
1.1920000000000008,1.2798387252009957,0,57,76.0
1.2000000000000008,1.2183782681109996,0,57,76.0
1.2080000000000009,1.16805870179319,0,57,76.0
1.2160000000000009,1.1268605253672523,0,57,76.0
1.2240000000000009,1.0931303113566047,0,57,76.0
1.2320000000000009,1.0655143478381859,0,57,76.0
1.2400000000000009,1.0429043092297767,0,57,76.0
1.2480000000000009,1.0243927752927917,0,57,76.0
1.256000000000001,1.0092368131719351,0,57,76.0
1.264000000000001,1.3135359155360642,0,57,76.0
1.272000000000001,1.562674948775601,0,57,76.0
1.280000000000001,1.7666527370809277,0,57,76.0
1.288000000000001,1.9336556253113288,0,57,76.0
1.296000000000001,2.0703860257584035,0,57,76.0
1.304000000000001,2.1823314094850907,0,57,76.0
1.312000000000001,2.273984537807245,0,57,76.0
1.320000000000001,2.349023772580395,0,57,76.0
1.328000000000001,2.4104607017766115,0,57,76.0
1.336000000000001,2.4607610050842292,0,57,76.0
1.344000000000001,2.5019434102913256,0,57,76.0
1.352000000000001,2.5356607119200945,0,57,76.0
1.360000000000001,2.5632661036743736,0,57,76.0
1.368000000000001,2.5858674868543674,0,57,76.0
1.376000000000001,2.6043719343259273,0,57,76.0
1.384000000000001,2.302814339894651,0,57,76.0
1.392000000000001,2.0559198635095473,0,57,76.0
1.400000000000001,1.853779762927977,0,57,76.0
1.408000000000001,1.6882814461515694,0,57,76.0
1.416000000000001,1.5527828846240825,0,57,76.0
1.424000000000001,1.4418460453037003,0,57,76.0
1.432000000000001,1.3510186433028326,0,57,76.0
1.440000000000001,1.2766554560625454,0,57,76.0
1.448000000000001,1.2157720277720263,0,57,76.0
1.456000000000001,1.1659248926777601,0,57,76.0
1.464000000000001,1.1251135102232517,0,57,76.0
1.472000000000001,1.0916999763321185,0,57,76.0
1.480000000000001,1.0643432885664343,0,57,76.0
1.488000000000001,1.0419455269903166,0,57,76.0
1.496000000000001,1.0236077907878407,0,57,76.0
1.5040000000000011,1.008594122217042,0,57,77.0
1.5120000000000011,1.3194208128372755,0,57,77.0
1.5200000000000011,1.5739041833255163,0,57,77.0
1.5280000000000011,1.7822575448911768,0,57,77.0
1.5360000000000011,1.9528428495121588,0,57,77.0
1.5440000000000011,2.0925062844285325,0,57,77.0
1.5520000000000012,2.206853033675073,0,57,77.0
1.5600000000000012,2.300472233797712,0,57,77.0
1.5680000000000012,2.3771211520166786,0,57,77.0
1.5760000000000012,2.4398759785527058,0,57,77.0
1.5840000000000012,2.4912552849418255,0,57,77.0
1.5920000000000012,2.5333211031544134,0,57,77.0
1.6000000000000012,2.5677616821784475,0,57,77.0
1.6080000000000012,2.5959592433792364,0,57,77.0
1.6160000000000012,2.6190454538961205,0,57,77.0
1.6240000000000012,2.6379468444183263,0,57,77.0
1.6320000000000012,2.6534219941147925,0,57,77.0
1.6400000000000012,2.3452170131368564,0,57,77.0
1.6480000000000012,2.0928801169584053,0,57,77.0
1.6560000000000012,1.8862841399208619,0,57,77.0
1.6640000000000013,1.7171376600580321,0,57,77.0
1.6720000000000013,1.5786522352194479,0,57,77.0
1.6800000000000013,1.4652699590510296,0,57,77.0
1.6880000000000013,1.3724404026979646,0,57,77.0
1.6960000000000013,1.296437990117125,0,57,77.0
1.7040000000000013,1.2342124776290708,0,57,77.0
1.7120000000000013,1.1832665369290627,0,57,77.0
1.7200000000000013,1.1415555285334789,0,57,77.0
1.7280000000000013,1.1074054432181204,0,57,77.0
1.7360000000000013,1.0794457181501997,0,57,77.0
1.7440000000000013,1.0565542313894878,0,57,77.0
1.7520000000000013,1.0378122671948151,0,57,77.0
1.7600000000000013,1.3433426066784695,0,57,77.0
1.7680000000000013,1.5934896916120933,0,57,77.0
1.7760000000000014,1.798292802840061,0,57,77.0
1.7840000000000014,1.9659714083284485,0,57,77.0
1.7920000000000014,2.103255039275022,0,57,77.0
1.8000000000000014,2.21565336982519,0,57,77.0
1.8080000000000014,2.3076773396412364,0,57,77.0
1.8160000000000014,2.383020193749954,0,57,77.0
1.8240000000000014,2.4447057054334285,0,57,77.0
1.8320000000000014,2.4952095308680406,0,57,77.0
1.8400000000000014,2.5365585658994396,0,57,77.0
1.8480000000000014,2.5704122924897446,0,57,77.0
1.8560000000000014,2.598129379555521,0,57,77.0
1.8640000000000014,2.6208222111220123,0,57,77.0
1.8720000000000014,2.639401530199917,0,57,77.0
1.8800000000000014,2.6546129901002464,0,57,77.0
1.8880000000000015,2.34619211817694,0,57,77.0
1.8960000000000015,2.093678465442203,0,57,77.0
1.9040000000000015,1.8869377723762202,0,57,77.0
1.9120000000000015,1.7176728090504438,0,57,77.0
1.9200000000000015,1.579090378157014,0,57,77.0
1.9280000000000015,1.465628680148259,0,57,77.0
1.9360000000000015,1.3727340986920444,0,57,77.0
1.9440000000000015,1.2966784480595337,0,57,77.0
1.9520000000000015,1.2344093479413425,0,57,77.0
1.9600000000000015,1.1834277207080877,0,57,77.0
1.9680000000000015,1.141687494650264,0,57,77.0
1.9760000000000015,1.1075134879362967,0,57,77.0
1.9840000000000015,1.0795341776836784,0,57,77.0
1.9920000000000015,1.0566266559299498,0,57,77.0
2.0000000000000013,1.037871563393369,0,57,77.0
2.0080000000000013,1.343391154299766,0,57,77.0
2.0160000000000013,1.5935294390426376,0,57,77.0
2.0240000000000014,1.798325345283803,0,57,77.0
2.0320000000000014,1.9659980518279205,0,57,77.0
2.0400000000000014,2.1032768531274093,0,57,77.0
2.0480000000000014,2.2156712294969827,0,57,77.0
2.0560000000000014,2.3076919619037732,0,57,77.0
2.0640000000000014,2.383032165445972,0,57,77.0
2.0720000000000014,2.4447155070291253,0,57,77.0
2.0800000000000014,2.4952175557358665,0,57,77.0
2.0880000000000014,2.536565136105518,0,57,77.0
2.0960000000000014,2.570417671719515,0,57,77.0
2.1040000000000014,2.5981337836963623,0,57,77.0
2.1120000000000014,2.62082581692756,0,57,77.0
2.1200000000000014,2.6394044823838088,0,57,77.0
2.1280000000000014,2.654615407143987,0,57,77.0
2.1360000000000015,2.346194097084982,0,57,77.0
2.1440000000000015,2.0936800856350746,0,57,77.0
2.1520000000000015,1.88693909887795,0,57,77.0
2.1600000000000015,1.717673895098204,0,57,77.0
2.1680000000000015,1.5790912673377149,0,57,77.0
2.1760000000000015,1.4656294081478436,0,57,77.0
2.1840000000000015,1.3727346947276926,0,57,77.0
2.1920000000000015,1.296678936052249,0,57,77.0
2.2000000000000015,1.2344097474759856,0,57,77.0
2.2080000000000015,1.1834280478193868,0,57,77.0
2.2160000000000015,1.1416877624663442,0,57,77.0
2.2240000000000015,1.1075137072055579,0,57,77.0
2.2320000000000015,1.0795343572061655,0,57,77.0
2.2400000000000015,1.0566268029105306,0,57,77.0
2.2480000000000016,1.0378716837308908,0,57,77.0
2.2560000000000016,1.022516290880877,0,57,78.0
2.2640000000000016,1.3372304086226037,0,57,78.0
2.2720000000000016,1.5948965352455602,0,57,78.0
2.2800000000000016,1.80585571713826,0,57,78.0
2.2880000000000016,1.9785744869979849,0,57,78.0
2.2960000000000016,2.11998465551594,0,57,78.0
2.3040000000000016,2.2357615092795298,0,57,78.0
2.3120000000000016,2.3305515799503933,0,57,78.0
2.3200000000000016,2.4081591258950645,0,57,78.0
2.3280000000000016,2.4716988104308792,0,57,78.0
2.3360000000000016,2.523720704201224,0,57,78.0
2.3440000000000016,2.5663126284643614,0,57,78.0
2.3520000000000016,2.6011839466913598,0,57,78.0
2.3600000000000017,2.6297341673241728,0,57,78.0
2.3680000000000017,2.6531091109634177,0,57,78.0
2.3760000000000017,2.6722468961723322,0,57,78.0
2.3840000000000017,2.3628734202277926,0,57,78.0
2.3920000000000017,2.109579841285367,0,57,78.0
2.4000000000000017,1.902200598648017,0,57,78.0
2.4080000000000017,1.7324128351507981,0,57,78.0
2.4160000000000017,1.5934023716792942,0,57,78.0
2.4240000000000017,1.4795902302355501,0,57,78.0
2.4320000000000017,1.386408729961896,0,57,78.0
2.4400000000000017,1.310118170069911,0,57,78.0
2.4480000000000017,1.2476567425168053,0,57,78.0
2.4560000000000017,1.196517650897925,0,57,78.0
2.4640000000000017,1.1546485039050753,0,57,78.0
2.4720000000000018,1.1203689456568866,0,57,78.0
2.4800000000000018,1.0923032171171667,0,57,78.0
2.4880000000000018,1.0693249420541597,0,57,78.0
2.4960000000000018,1.050511921607391,0,57,78.0
2.504000000000002,1.0351091232093366,0,57,78.0
2.512000000000002,1.3475405477182678,0,57,78.0
2.520000000000002,1.6033377631916919,0,57,78.0
2.528000000000002,1.8127668100514993,0,57,78.0
2.536000000000002,1.9842328113034333,0,57,78.0
2.544000000000002,2.1246172996356996,0,57,78.0
2.552000000000002,2.2395543974884426,0,57,78.0
2.560000000000002,2.3336569341700173,0,57,78.0
2.568000000000002,2.4107015748938707,0,57,78.0
2.576000000000002,2.473780391614334,0,57,78.0
2.584000000000002,2.525424958731147,0,57,78.0
2.592000000000002,2.5677079540590815,0,57,78.0
2.600000000000002,2.602326342666314,0,57,78.0
2.608000000000002,2.63066948204106,0,57,78.0
2.616000000000002,2.65387488188594,0,57,78.0
2.624000000000002,2.672873856376414,0,57,78.0
2.632000000000002,2.6884289010687095,0,57,78.0
2.640000000000002,2.376122125282915,0,57,78.0
2.648000000000002,2.1204269635524553,0,57,78.0
2.656000000000002,1.9110814712304793,0,57,78.0
2.664000000000002,1.7396838786482272,0,57,78.0
2.672000000000002,1.5993553985976068,0,57,78.0
2.680000000000002,1.4844641564474739,0,57,78.0
2.688000000000002,1.390399163239831,0,57,78.0
2.696000000000002,1.313385260512662,0,57,78.0
2.704000000000002,1.2503316099353725,0,57,78.0
2.712000000000002,1.1987076471139124,0,57,78.0
2.720000000000002,1.1564415211562287,0,57,78.0
2.728000000000002,1.1218369440212055,0,57,78.0
2.736000000000002,1.0935051125235027,0,57,78.0
2.744000000000002,1.07030897078531,0,57,78.0
2.752000000000002,1.051317576191496,0,57,78.0
2.760000000000002,1.3608109066345804,0,57,78.0
2.768000000000002,1.6142026141408596,0,57,78.0
2.776000000000002,1.8216621976511913,0,57,78.0
2.784000000000002,1.9915157386918498,0,57,78.0
2.792000000000002,2.1305800562610298,0,57,78.0
2.800000000000002,2.24443628971072,0,57,78.0
2.808000000000002,2.337653889465608,0,57,78.0
2.816000000000002,2.4139740051130487,0,57,78.0
2.824000000000002,2.476459630872077,0,57,78.0
2.832000000000002,2.5276185343063147,0,57,78.0
2.840000000000002,2.569503901841672,0,57,78.0
2.848000000000002,2.6037967403468434,0,57,78.0
2.856000000000002,2.631873341841364,0,57,78.0
2.864000000000002,2.6548605189268426,0,57,78.0
2.872000000000002,2.673680827733174,0,57,78.0
2.880000000000002,2.689089593335342,0,57,78.0
2.888000000000002,2.3766630543599274,0,57,78.0
2.896000000000002,2.1208698388230394,0,57,78.0
2.904000000000002,1.9114440668342845,0,57,78.0
2.912000000000002,1.7399807468199935,0,57,78.0
2.920000000000002,1.5995984536994419,0,57,78.0
2.928000000000002,1.4846631531340386,0,57,78.0
2.936000000000002,1.3905620879468819,0,57,78.0
2.944000000000002,1.313518651980761,0,57,78.0
2.952000000000002,1.2504408216325034,0,57,78.0
2.960000000000002,1.1987970620889494,0,57,78.0
2.968000000000002,1.1565147279460772,0,57,78.0
2.976000000000002,1.1218968806713885,0,57,78.0
2.984000000000002,1.093554184502244,0,57,78.0
2.992000000000002,1.0703491475234201,0,57,78.0
3.000000000000002,1.0513504701225451,0,57,79.0
3.0080000000000022,1.3672489260582277,0,57,79.0
3.0160000000000022,1.6258847067826205,0,57,79.0
3.0240000000000022,1.8376377743080146,0,57,79.0
3.0320000000000022,2.011006522749653,0,57,79.0
3.0400000000000023,2.152948848721463,0,57,79.0
3.0480000000000023,2.2691613961580037,0,57,79.0
3.0560000000000023,2.364308182637833,0,57,79.0
3.0640000000000023,2.4422077827854136,0,57,79.0
3.0720000000000023,2.5059865810787163,0,57,79.0
3.0800000000000023,2.5582042446358,0,57,79.0
3.0880000000000023,2.6009564516438646,0,57,79.0
3.0960000000000023,2.6359589982833227,0,57,79.0
3.1040000000000023,2.664616659653093,0,57,79.0
3.1120000000000023,2.6880795683278196,0,57,79.0
3.1200000000000023,2.7072893732164784,0,57,79.0
3.1280000000000023,2.723017031239451,0,57,79.0
3.1360000000000023,2.406684371997913,0,57,79.0
3.1440000000000023,2.1476930956739286,0,57,79.0
3.1520000000000024,1.9356489729685646,0,57,79.0
3.1600000000000024,1.7620419287002422,0,57,79.0
3.1680000000000024,1.619904502606796,0,57,79.0
3.1760000000000024,1.5035322207007427,0,57,79.0
3.1840000000000024,1.4082546546983967,0,57,79.0
3.1920000000000024,1.3302479813338588,0,57,79.0
3.2000000000000024,1.2663815189050023,0,57,79.0
3.2080000000000024,1.214092082024198,0,57,79.0
3.2160000000000024,1.1712811119887538,0,57,79.0
3.2240000000000024,1.1362304542516355,0,57,79.0
3.2320000000000024,1.107533402846646,0,57,79.0
3.2400000000000024,1.0840382443387213,0,57,79.0
3.2480000000000024,1.0648020355198418,0,57,79.0
3.2560000000000024,1.0490527597871953,0,57,79.0
3.2640000000000025,1.3653677199450116,0,57,79.0
3.2720000000000025,1.6243445054848527,0,57,79.0
3.2800000000000025,1.8363767641396014,0,57,79.0
3.2880000000000025,2.0099740949448295,0,57,79.0
3.2960000000000025,2.152103568327321,0,57,79.0
3.3040000000000025,2.2684693391043456,0,57,79.0
3.3120000000000025,2.3637415742451187,0,57,79.0
3.3200000000000025,2.4417438830693463,0,57,79.0
3.3280000000000025,2.5056067721148274,0,57,79.0
3.3360000000000025,2.55789328335677,0,57,79.0
3.3440000000000025,2.600701858081706,0,57,79.0
3.3520000000000025,2.635750554704448,0,57,79.0
3.3600000000000025,2.6644460004847867,0,57,79.0
3.3680000000000025,2.6879398444184326,0,57,79.0
3.3760000000000026,2.7071749769549225,0,57,79.0
3.3840000000000026,2.393713994963239,0,57,79.0
3.3920000000000026,2.1370738491166246,0,57,79.0
3.4000000000000026,1.9269546692375823,0,57,79.0
3.4080000000000026,1.7549236348590862,0,57,79.0
3.4160000000000026,1.614076536529596,0,57,79.0
3.4240000000000026,1.4987606856454436,0,57,79.0
3.4320000000000026,1.4043480522092338,0,57,79.0
3.4400000000000026,1.3270495257359298,0,57,79.0
3.4480000000000026,1.2637628449446234,0,57,79.0
3.4560000000000026,1.2119480931205515,0,57,79.0
3.4640000000000026,1.1695257623390805,0,57,79.0
3.4720000000000026,1.1347932955110431,0,57,79.0
3.4800000000000026,1.106356756788668,0,57,79.0
3.4880000000000027,1.083074888025567,0,57,79.0
3.4960000000000027,1.0640133060800905,0,57,79.0
3.5040000000000027,1.0484070027390129,0,57,79.0
3.5120000000000027,1.3648390187906478,0,57,79.0
3.5200000000000027,1.6239116415905868,0,57,79.0
3.5280000000000027,1.836022365157469,0,57,79.0
3.5360000000000027,2.009683937599298,0,57,79.0
3.5440000000000027,2.151866007585303,0,57,79.0
3.5520000000000027,2.268274840819131,0,57,79.0
3.5600000000000027,2.3635823325175926,0,57,79.0
3.5680000000000027,2.4416135069698477,0,57,79.0
3.5760000000000027,2.505500029192702,0,57,79.0
3.5840000000000027,2.5578058896437526,0,57,79.0
3.5920000000000027,2.600630306161233,0,57,79.0
3.6000000000000028,2.6356919729467148,0,57,79.0
3.6080000000000028,2.6643980377981613,0,57,79.0
3.6160000000000028,2.6879005758918915,0,57,79.0
3.6240000000000028,2.7071428266046156,0,57,79.0
3.632000000000003,2.7228970490215594,0,57,79.0
3.640000000000003,2.4065861388663023,0,57,79.0
3.648000000000003,2.1476126691881072,0,57,79.0
3.656000000000003,1.9355831253312608,0,57,79.0
3.664000000000003,1.7619880172145639,0,57,79.0
3.672000000000003,1.619860363615527,0,57,79.0
3.680000000000003,1.503496082751181,0,57,79.0
3.688000000000003,1.4082250674477372,0,57,79.0
3.696000000000003,1.3302237573418447,0,57,79.0
3.704000000000003,1.266361685977778,0,57,79.0
3.712000000000003,1.214075844196756,0,57,79.0
3.720000000000003,1.1712678175800637,0,57,79.0
3.728000000000003,1.136219569710397,0,57,79.0
3.736000000000003,1.107524491338001,0,57,79.0
3.744000000000003,1.0840309482125372,0,57,79.0
3.752000000000003,1.0647960619569565,0,57,80.0
3.760000000000003,1.384668333737102,0,57,80.0
3.768000000000003,1.6465575997004256,0,57,80.0
3.776000000000003,1.8609743956456175,0,57,80.0
3.784000000000003,2.0365240204623922,0,57,80.0
3.792000000000003,2.1802518969911873,0,57,80.0
3.800000000000003,2.2979263295799073,0,57,80.0
3.808000000000003,2.394270006391294,0,57,80.0
3.816000000000003,2.473149537461382,0,57,80.0
3.824000000000003,2.5377306353368336,0,57,80.0
3.832000000000003,2.590605166235005,0,57,80.0
3.840000000000003,2.6338951707359093,0,57,80.0
3.848000000000003,2.6693380287216844,0,57,80.0
3.856000000000003,2.698356186531614,0,57,80.0
3.864000000000003,2.7221142447282736,0,57,80.0
3.872000000000003,2.7415656976072946,0,57,80.0
3.880000000000003,2.757491200271397,0,57,80.0
3.888000000000003,2.4371533152239238,0,57,80.0
3.896000000000003,2.1748828373595983,0,57,80.0
3.904000000000003,1.9601539315076164,0,57,80.0
3.912000000000003,1.7843487727118124,0,57,80.0
3.920000000000003,1.6404116826559296,0,57,80.0
3.928000000000003,1.5225659605186235,0,57,80.0
3.936000000000003,1.4260820436861281,0,57,80.0
3.944000000000003,1.347087693797946,0,57,80.0
3.952000000000003,1.282412590225089,0,57,80.0
3.960000000000003,1.2294610939714872,0,57,80.0
3.968000000000003,1.18610807556717,0,57,80.0
3.976000000000003,1.1506136261607998,0,57,80.0
3.984000000000003,1.121553228868234,0,57,80.0
3.992000000000003,1.0977605879081462,0,57,80.0
4.000000000000003,1.0782808210571795,0,57,80.0
4.008000000000003,1.395708720710303,0,57,80.0
4.016000000000003,1.6555967040412667,0,57,80.0
4.024000000000003,1.8683749883497447,0,57,80.0
4.032000000000003,2.0425831133002657,0,57,80.0
4.040000000000003,2.185212662633309,0,57,80.0
4.048000000000003,2.301987860969925,0,57,80.0
4.056000000000003,2.397595307044893,0,57,80.0
4.064000000000003,2.475872063369714,0,57,80.0
4.072000000000003,2.539959651024037,0,57,80.0
4.080000000000003,2.5924301299272114,0,57,80.0
4.088000000000003,2.63538932463397,0,57,80.0
4.096000000000003,2.670561338467858,0,57,80.0
4.104000000000003,2.699357747841346,0,57,80.0
4.112000000000003,2.722934253773644,0,57,80.0
4.120000000000003,2.7422370642305416,0,57,80.0
4.128000000000003,2.758040868772439,0,57,80.0
4.136000000000003,2.437603345729725,0,57,80.0
4.144000000000003,2.1752512911745208,0,57,80.0
4.152000000000003,1.9604555959769827,0,57,80.0
4.160000000000003,1.7845957546899935,0,57,80.0
4.168000000000003,1.6406138943969226,0,57,80.0
4.176000000000003,1.5227315174896079,0,57,80.0
4.184000000000003,1.4262175902696594,0,57,80.0
4.192000000000003,1.3471986699543577,0,57,80.0
4.200000000000003,1.2825034498172014,0,57,80.0
4.208000000000003,1.229535483513762,0,57,80.0
4.216000000000003,1.1861689805731375,0,57,80.0
4.224000000000003,1.1506634909622018,0,57,80.0
4.232000000000003,1.121594054714638,0,57,80.0
4.240000000000003,1.0977940132841175,0,57,80.0
4.248000000000003,1.0783081874404203,0,57,80.0
4.256000000000003,1.0623545425730636,0,57,80.0
4.264000000000003,1.382669386733273,0,57,80.0
4.272000000000003,1.644921000314618,0,57,80.0
4.280000000000003,1.859634461397988,0,57,80.0
4.288000000000003,2.035426975086756,0,57,80.0
4.296000000000003,2.179353712204632,0,57,80.0
4.304000000000003,2.2971909580732075,0,57,80.0
4.312000000000003,2.3936679351238217,0,57,80.0
4.320000000000003,2.472656603199158,0,57,80.0
4.328000000000003,2.5373270548971045,0,57,80.0
4.336000000000003,2.590274742517658,0,57,80.0
4.344000000000003,2.6336246426769714,0,57,80.0
4.352000000000003,2.6691165390802616,0,57,80.0
4.360000000000003,2.698174846150693,0,57,80.0
4.368000000000003,2.7219657757816385,0,57,80.0
4.376000000000003,2.741444141514808,0,57,80.0
4.384000000000003,2.424015094723455,0,57,80.0
4.392000000000003,2.164126172195145,0,57,80.0
4.400000000000003,1.9513471189369158,0,57,80.0
4.408000000000003,1.777138364423586,0,57,80.0
4.416000000000003,1.6345082996481104,0,57,80.0
4.424000000000003,1.5177326793029238,0,57,80.0
4.432000000000003,1.4221248877165606,0,57,80.0
4.440000000000003,1.3438478485109349,0,57,80.0
4.448000000000003,1.2797600292533982,0,57,80.0
4.456000000000003,1.2272893607295496,0,57,80.0
4.464000000000003,1.1843300107745138,0,57,80.0
4.472000000000003,1.149157869834087,0,57,80.0
4.480000000000003,1.1203613563945662,0,57,80.0
4.488000000000003,1.0967847652602072,0,57,80.0
4.496000000000003,1.077481885045762,0,57,80.0
4.504000000000003,1.0616780233912149,0,57,81.0
4.512000000000003,1.3885265878247541,0,57,81.0
4.520000000000003,1.6561275591258828,0,57,81.0
4.528000000000003,1.8752207038836552,0,57,81.0
4.536000000000003,2.0545989992854095,0,57,81.0
4.544000000000003,2.201461526165533,0,57,81.0
4.552000000000003,2.3217023933970315,0,57,81.0
4.560000000000003,2.4201472891762257,0,57,81.0
4.568000000000003,2.500747152834209,0,57,81.0
4.576000000000003,2.566736739904892,0,57,81.0
4.584000000000003,2.6207644442225777,0,57,81.0
4.592000000000003,2.664998587265671,0,57,81.0
4.600000000000003,2.7012144405111016,0,57,81.0
4.608000000000003,2.7308654733120954,0,57,81.0
4.616000000000003,2.7551416857267923,0,57,81.0
4.624000000000003,2.775017367398959,0,57,81.0
4.632000000000003,2.7912901992223493,0,57,81.0
4.640000000000003,2.4670694759410665,0,57,81.0
4.648000000000003,2.201619999005494,0,57,81.0
4.656000000000003,1.984288348849876,0,57,81.0
4.664000000000003,1.8063522432502865,0,57,81.0
4.672000000000003,1.6606704815129714,0,57,81.0
4.680000000000003,1.5413963430160524,0,57,81.0
4.688000000000003,1.4437429377817421,0,57,81.0
4.696000000000003,1.3637910917736262,0,57,81.0
4.704000000000003,1.2983320566814265,0,57,81.0
4.712000000000003,1.2447387315846319,0,57,81.0
4.720000000000003,1.2008602281681802,0,57,81.0
4.728000000000003,1.1649355480220938,0,57,81.0
4.736000000000003,1.1355229075920028,0,57,81.0
4.744000000000003,1.1114418743426626,0,57,81.0
4.752000000000003,1.0917259918555342,0,57,81.0
4.760000000000003,1.4131277836740095,0,57,81.0
4.768000000000003,1.6762693147301626,0,57,81.0
4.776000000000003,1.89171137861786,0,57,81.0
4.784000000000003,2.0681004218293095,0,57,81.0
4.792000000000003,2.212515556012524,0,57,81.0
4.800000000000003,2.330752667578204,0,57,81.0
4.808000000000003,2.42755702697214,0,57,81.0
4.816000000000003,2.506813733039968,0,57,81.0
4.824000000000003,2.571703635685361,0,57,81.0
4.832000000000003,2.6248309945453814,0,57,81.0
4.840000000000003,2.6683279970738893,0,57,81.0
4.848000000000003,2.7039403307106897,0,57,81.0
4.856000000000003,2.733097243448012,0,57,81.0
4.864000000000003,2.756968904570868,0,57,81.0
4.872000000000003,2.776513367659207,0,57,81.0
4.8800000000000034,2.792515020642027,0,57,81.0
4.8880000000000035,2.4680722749043853,0,57,81.0
4.8960000000000035,2.202441021355918,0,57,81.0
4.9040000000000035,1.9849605450971324,0,57,81.0
4.9120000000000035,1.806902590990019,0,57,81.0
4.9200000000000035,1.6611210681323774,0,57,81.0
4.9280000000000035,1.5417652521382854,0,57,81.0
4.9360000000000035,1.4440449750252053,0,57,81.0
4.9440000000000035,1.3640383789534243,0,57,81.0
4.9520000000000035,1.2985345183003691,0,57,81.0
4.9600000000000035,1.2449044931383781,0,57,81.0
4.9680000000000035,1.2009959422499101,0,57,81.0
4.9760000000000035,1.1650466613144317,0,57,81.0
4.9840000000000035,1.1356138794615156,0,57,81.0
4.9920000000000035,1.1115163558098977,0,57,81.0
5.0000000000000036,1.091786972123294,0,57,81.0
5.008000000000004,1.4131777100945555,0,57,81.0
5.016000000000004,1.6763101910260547,0,57,81.0
5.024000000000004,1.891744845298379,0,57,81.0
5.032000000000004,2.068127822029853,0,57,81.0
5.040000000000004,2.2125379893993498,0,57,81.0
5.048000000000004,2.330771034481895,0,57,81.0
5.056000000000004,2.42757206452103,0,57,81.0
5.064000000000004,2.506826044743695,0,57,81.0
5.072000000000004,2.5717137156558256,0,57,81.0
5.080000000000004,2.62483924732719,0,57,81.0
5.088000000000004,2.668334753880155,0,57,81.0
5.096000000000004,2.7039458627157718,0,57,81.0
5.104000000000004,2.7331017726706985,0,57,81.0
5.112000000000004,2.75697261278477,0,57,81.0
5.120000000000004,2.7765164036879675,0,57,81.0
5.128000000000004,2.792517506332141,0,57,81.0
5.136000000000004,2.4680743100153237,0,57,81.0
5.144000000000004,2.202442687563829,0,57,81.0
5.152000000000004,1.9849619092727904,0,57,81.0
5.160000000000004,1.806903707882583,0,57,81.0
5.168000000000004,1.6611219825666672,0,57,81.0
5.176000000000004,1.5417660008137601,0,57,81.0
5.184000000000004,1.4440455879888408,0,57,81.0
5.192000000000004,1.3640388808056032,0,57,81.0
5.200000000000004,1.2985349291821815,0,57,81.0
5.208000000000004,1.2449048295399538,0,57,81.0
5.216000000000004,1.2009962176722253,0,57,81.0
5.224000000000004,1.1650468868111514,0,57,81.0
5.232000000000004,1.1356140640826147,0,57,81.0
5.240000000000004,1.1115165069648691,0,57,81.0
5.248000000000004,1.0917870958785176,0,57,81.0
5.256000000000004,1.075634020282004,0,57,82.0
5.264000000000004,1.4063638798198117,0,57,82.0
5.272000000000004,1.6771425867845757,0,57,82.0
5.280000000000004,1.8988374414553193,0,57,82.0
5.288000000000004,2.080345836773411,0,57,82.0
5.296000000000004,2.228952341962168,0,57,82.0
5.304000000000004,2.350621057867646,0,57,82.0
5.312000000000004,2.450234977266969,0,57,82.0
5.320000000000004,2.5317919565138265,0,57,82.0
5.328000000000004,2.598565163551371,0,57,82.0
5.336000000000004,2.6532344416346523,0,57,82.0
5.344000000000004,2.6979938608500067,0,57,82.0
5.352000000000004,2.734639773851527,0,57,82.0
5.360000000000004,2.7646429098004917,0,57,82.0
5.368000000000004,2.7892073998906888,0,57,82.0
5.376000000000004,2.809319103361212,0,57,82.0
5.384000000000004,2.4840741750565956,0,57,82.0
5.392000000000004,2.217786149970963,0,57,82.0
5.400000000000004,1.9997679546569547,0,57,82.0
5.408000000000004,1.8212697534228142,0,57,82.0
5.416000000000004,1.6751277867033212,0,57,82.0
5.424000000000004,1.5554768642347732,0,57,82.0
5.432000000000004,1.4575149743756237,0,57,82.0
5.440000000000004,1.3773105625183,0,57,82.0
5.448000000000004,1.3116447439981767,0,57,82.0
5.456000000000004,1.257882118949714,0,57,82.0
5.464000000000004,1.213865004456337,0,57,82.0
5.472000000000004,1.1778268391588547,0,57,82.0
5.480000000000004,1.1483212849452984,0,57,82.0
5.488000000000004,1.1241641803240499,0,57,82.0
5.496000000000004,1.1043860158653118,0,57,82.0
5.504000000000004,1.0881930243835087,0,57,82.0
5.512000000000004,1.416646322705746,0,57,82.0
5.520000000000004,1.6855611389920582,0,57,82.0
5.528000000000004,1.9057299690439777,0,57,82.0
5.536000000000004,2.085988961076684,0,57,82.0
5.544000000000004,2.2335725413726992,0,57,82.0
5.552000000000004,2.354403757210401,0,57,82.0
5.560000000000004,2.4533319895485306,0,57,82.0
5.568000000000004,2.534327575711401,0,57,82.0
5.576000000000004,2.6006411529665208,0,57,82.0
5.584000000000004,2.6549341180118997,0,57,82.0
5.592000000000004,2.699385438170339,0,57,82.0
5.600000000000004,2.735779100998969,0,57,82.0
5.608000000000004,2.765575711973919,0,57,82.0
5.616000000000004,2.7899711137166117,0,57,82.0
5.624000000000004,2.8099443793570464,0,57,82.0
5.632000000000004,2.826297106176266,0,57,82.0
5.640000000000004,2.4979745880871254,0,57,82.0
5.648000000000004,2.229166845599544,0,57,82.0
5.656000000000004,2.009085680159494,0,57,82.0
5.664000000000004,1.8288984618404818,0,57,82.0
5.672000000000004,1.6813736448911305,0,57,82.0
5.680000000000004,1.5605905404124967,0,57,82.0
5.688000000000004,1.4617016983236082,0,57,82.0
5.696000000000004,1.3807383621691631,0,57,82.0
5.704000000000004,1.3144511889877282,0,57,82.0
5.712000000000004,1.2601798417694816,0,57,82.0
5.720000000000004,1.21574622079093,0,57,82.0
5.728000000000004,1.1793670488251784,0,57,82.0
5.736000000000004,1.1495823019653055,0,57,82.0
5.744000000000004,1.1251966137384848,0,57,82.0
5.752000000000004,1.1052313008522148,0,57,82.0
5.760000000000004,1.4305960836301204,0,57,82.0
5.768000000000004,1.696982237258929,0,57,82.0
5.776000000000004,1.9150807734289905,0,57,82.0
5.784000000000004,2.09364475219271,0,57,82.0
5.792000000000004,2.2398405729985313,0,57,82.0
5.800000000000004,2.359535587463735,0,57,82.0
5.808000000000004,2.457533576796511,0,57,82.0
5.816000000000004,2.537767544403063,0,57,82.0
5.824000000000004,2.60345756112401,0,57,82.0
5.832000000000004,2.6572399979836554,0,57,82.0
5.840000000000004,2.7012733330161223,0,57,82.0
5.848000000000004,2.737324778567789,0,57,82.0
5.856000000000004,2.7668412057338547,0,57,82.0
5.864000000000004,2.7910072123756993,0,57,82.0
5.872000000000004,2.810792665192464,0,57,82.0
5.880000000000004,2.826991623877123,0,57,82.0
5.888000000000004,2.4985432110873735,0,57,82.0
5.896000000000004,2.229632394736754,0,57,82.0
5.904000000000004,2.009466839555197,0,57,82.0
5.912000000000004,1.8292105287595688,0,57,82.0
5.920000000000004,1.6816291436748052,0,57,82.0
5.928000000000004,1.5607997251240653,0,57,82.0
5.936000000000004,1.461872964280043,0,57,82.0
5.944000000000004,1.3808785828746515,0,57,82.0
5.952000000000004,1.31456599199153,0,57,82.0
5.960000000000004,1.26027383451924,0,57,82.0
5.968000000000004,1.2158231755457234,0,57,82.0
5.976000000000004,1.1794300540495237,0,57,82.0
5.984000000000004,1.1496338862800815,0,57,82.0
5.992000000000004,1.125238847403368,0,57,82.0
6.000000000000004,1.10526587885247,0,57,83.0
6.0080000000000044,1.4370354818530169,0,57,83.0
6.0160000000000045,1.708665458766038,0,57,83.0
6.0240000000000045,1.9310572743225904,0,57,83.0
6.0320000000000045,2.113136292951586,0,57,83.0
6.0400000000000045,2.2622099849934036,0,57,83.0
6.0480000000000045,2.384261201142916,0,57,83.0
6.0560000000000045,2.4841882852550903,0,57,83.0
6.0640000000000045,2.566001662083137,0,57,83.0
6.0720000000000045,2.6329847897054166,0,57,83.0
6.0800000000000045,2.687825936227124,0,57,83.0
6.0880000000000045,2.7327260694185016,0,57,83.0
6.0960000000000045,2.7694871892795794,0,57,83.0
6.1040000000000045,2.7995846486274303,0,57,83.0
6.1120000000000045,2.82422636418503,0,57,83.0
6.1200000000000045,2.8444012945206367,0,57,83.0
6.1280000000000046,2.860919130427604,0,57,83.0
6.136000000000005,2.528564584928255,0,57,83.0
6.144000000000005,2.2564556976026826,0,57,83.0
6.152000000000005,2.0336717833634053,0,57,83.0
6.160000000000005,1.8512717414846211,0,57,83.0
6.168000000000005,1.7019352178357485,0,57,83.0
6.176000000000005,1.5796688133666594,0,57,83.0
6.184000000000005,1.4795655479595446,0,57,83.0
6.192000000000005,1.397607926087213,0,57,83.0
6.200000000000005,1.3305067006111981,0,57,83.0
6.208000000000005,1.275568863744765,0,57,83.0
6.216000000000005,1.230589567194635,0,57,83.0
6.224000000000005,1.193763633857229,0,57,83.0
6.232000000000005,1.1636131097230953,0,57,83.0
6.240000000000005,1.1389279483930599,0,57,83.0
6.248000000000005,1.1187174476674686,0,57,83.0
6.256000000000005,1.1021704891883222,0,57,83.0
6.264000000000005,1.4345011911422194,0,57,83.0
6.272000000000005,1.706590557023868,0,57,83.0
6.280000000000005,1.9293584884566608,0,57,83.0
6.288000000000005,2.1117454447202553,0,57,83.0
6.296000000000005,2.2610712547735488,0,57,83.0
6.304000000000005,2.383328887692462,0,57,83.0
6.312000000000005,2.483424971561695,0,57,83.0
6.320000000000005,2.565376713688109,0,57,83.0
6.328000000000005,2.6324731252353204,0,57,83.0
6.336000000000005,2.687407020790199,0,57,83.0
6.344000000000005,2.7323830904673523,0,57,83.0
6.352000000000005,2.769206381864615,0,57,83.0
6.360000000000005,2.7993547429611065,0,57,83.0
6.368000000000005,2.824038133345704,0,57,83.0
6.376000000000005,2.844247184143803,0,57,83.0
6.384000000000005,2.5149147497920428,0,57,83.0
6.392000000000005,2.2452801578022212,0,57,83.0
6.400000000000005,2.02452202524652,0,57,83.0
6.408000000000005,1.8437805531311025,0,57,83.0
6.416000000000005,1.6958019515536233,0,57,83.0
6.424000000000005,1.5746473196446673,0,57,83.0
6.432000000000005,1.4754542966229618,0,57,83.0
6.440000000000005,1.3942419181843195,0,57,83.0
6.448000000000005,1.3277508464259957,0,57,83.0
6.456000000000005,1.273312561172341,0,57,83.0
6.464000000000005,1.2287422628903424,0,57,83.0
6.472000000000005,1.1922511890130116,0,57,83.0
6.480000000000005,1.1623748246168,0,57,83.0
6.488000000000005,1.1379141262954577,0,57,83.0
6.496000000000005,1.1178874003380117,0,57,83.0
6.504000000000005,1.1014909039131855,0,57,83.0
6.512000000000005,1.433944793778126,0,57,83.0
6.520000000000005,1.7061350173909533,0,57,83.0
6.528000000000005,1.9289855241499476,0,57,83.0
6.536000000000005,2.1114400873725487,0,57,83.0
6.544000000000005,2.260821249322303,0,57,83.0
6.552000000000005,2.38312420054109,0,57,83.0
6.560000000000005,2.483257387896107,0,57,83.0
6.568000000000005,2.5652395077873784,0,57,83.0
6.576000000000005,2.6323607905448885,0,57,83.0
6.584000000000005,2.687315048924505,0,57,83.0
6.592000000000005,2.73230779027249,0,57,83.0
6.600000000000005,2.769144731279369,0,57,83.0
6.608000000000005,2.7993042677310203,0,57,83.0
6.616000000000005,2.8239968077225632,0,57,83.0
6.624000000000005,2.8442133495852477,0,57,83.0
6.632000000000005,2.860765254129116,0,57,83.0
6.640000000000005,2.528438601670513,0,57,83.0
6.648000000000005,2.2563525512351963,0,57,83.0
6.656000000000005,2.0335873342602757,0,57,83.0
6.664000000000005,1.851202600406819,0,57,83.0
6.672000000000005,1.7018786099090513,0,57,83.0
6.680000000000005,1.5796224667162042,0,57,83.0
6.688000000000005,1.4795276025315152,0,57,83.0
6.696000000000005,1.3975768589983462,0,57,83.0
6.704000000000005,1.3304812650301343,0,57,83.0
6.712000000000005,1.2755480388523257,0,57,83.0
6.720000000000005,1.2305725172147652,0,57,83.0
6.728000000000005,1.1937496745143705,0,57,83.0
6.736000000000005,1.1636016807798042,0,57,83.0
6.744000000000005,1.1389185911657125,0,57,83.0
6.752000000000005,1.1187097866176756,0,57,84.0
6.760000000000005,1.4544535107326426,0,57,84.0
6.768000000000005,1.7293372228184953,0,57,84.0
6.776000000000005,1.9543929714234167,0,57,84.0
6.784000000000005,2.1386530339632532,0,57,84.0
6.792000000000005,2.2895124137286893,0,57,84.0
6.800000000000005,2.4130256273329223,0,57,84.0
6.808000000000005,2.514149693722197,0,57,84.0
6.816000000000005,2.596943076751397,0,57,84.0
6.824000000000005,2.6647285655887667,0,57,84.0
6.832000000000005,2.7202266299123457,0,57,84.0
6.840000000000005,2.76566460191036,0,57,84.0
6.848000000000005,2.80286606694263,0,57,84.0
6.856000000000005,2.833324050424105,0,57,84.0
6.864000000000005,2.85826093817713,0,57,84.0
6.872000000000005,2.878677535066585,0,57,84.0
6.880000000000005,2.895393230813178,0,57,84.0
6.888000000000005,2.5590334719513694,0,57,84.0
6.896000000000005,2.2836453932733125,0,57,84.0
6.904000000000005,2.058176704228529,0,57,84.0
6.912000000000005,1.8735785546513875,0,57,84.0
6.920000000000005,1.7224423726312927,0,57,84.0
6.928000000000005,1.5987025325086495,0,57,84.0
6.936000000000005,1.4973929200192888,0,57,84.0
6.944000000000005,1.414447624691836,0,57,84.0
6.952000000000005,1.3465377605841151,0,57,84.0
6.960000000000005,1.2909378664017772,0,57,84.0
6.968000000000005,1.2454165231668157,0,57,84.0
6.976000000000005,1.2081467995389343,1,56,84.0
6.984000000000005,1.1776329306460707,1,56,84.0
6.992000000000005,1.1526502877880938,1,56,84.0
7.000000000000005,1.132196229787104,1,56,84.0
7.008000000000005,1.465495276505092,1,56,84.0
7.016000000000005,1.7383774560246839,1,56,84.0
7.024000000000005,1.9617944883643201,1,56,84.0
7.032000000000005,2.1447128835021982,1,56,84.0
7.040000000000005,2.294473798905249,1,56,84.0
7.048000000000005,2.417087665954837,1,56,84.0
7.056000000000005,2.517475409662149,1,56,84.0
7.064000000000005,2.599665942667437,1,56,84.0
7.072000000000005,2.6669578596507364,1,56,84.0
7.080000000000005,2.7220518215185345,1,56,84.0
7.088000000000005,2.7671589424086065,1,56,84.0
7.096000000000005,2.8040895294641146,1,56,84.0
7.104000000000005,2.8343257368156825,1,56,84.0
7.112000000000005,2.859081049630854,1,56,84.0
7.120000000000005,2.8793489855347003,1,56,84.0
7.128000000000005,2.8959429679605924,1,56,84.0
7.1360000000000054,2.5594835586600673,1,56,84.0
7.1440000000000055,2.284013893103275,1,56,84.0
7.1520000000000055,2.0584784063718233,1,56,84.0
7.1600000000000055,1.8738255674743722,1,56,84.0
7.1680000000000055,1.722644609625875,1,56,84.0
7.1760000000000055,1.5988681101555242,1,56,84.0
7.1840000000000055,1.4975284835308074,1,56,84.0
7.1920000000000055,1.4145586147077116,1,56,84.0
7.2000000000000055,1.3466286315233968,1,56,84.0
7.2080000000000055,1.2910122652343285,1,56,84.0
7.2160000000000055,1.2454774357790186,1,56,84.0
7.2240000000000055,1.2081966705677951,1,56,84.0
7.2320000000000055,1.1776737615910868,1,56,84.0
7.2400000000000055,1.1526837173384556,1,56,84.0
7.2480000000000055,1.1322235995880467,1,56,84.0
7.256000000000006,1.1154722719741905,1,56,84.0
7.264000000000006,1.451802857930481,1,56,84.0
7.272000000000006,1.7271670518536333,1,56,84.0
7.280000000000006,1.9526161857150475,1,56,84.0
7.288000000000006,2.1371983248621818,1,56,84.0
7.296000000000006,2.28832139865086,1,56,84.0
7.304000000000006,2.412050506661324,1,56,84.0
7.312000000000006,2.513351332440398,1,56,84.0
7.320000000000006,2.5962894338179203,1,56,84.0
7.328000000000006,2.6641934080175975,1,56,84.0
7.336000000000006,2.719788479951087,1,56,84.0
7.344000000000006,2.7653058750626176,1,56,84.0
7.352000000000006,2.8025723662404287,1,56,84.0
7.360000000000006,2.8330835886270123,1,56,84.0
7.368000000000006,2.858064064708909,2,55,84.0
7.376000000000006,2.8785163487036876,2,55,84.0
7.384000000000006,2.545215849552258,2,55,84.0
7.392000000000006,2.272332480880741,2,55,84.0
7.400000000000006,2.0489144749458537,2,55,84.0
7.408000000000006,1.8659952826956019,2,55,84.0
7.416000000000006,1.7162337146721374,2,55,84.0
7.424000000000006,1.5936193133021468,2,55,84.0
7.432000000000006,1.4932311321302885,2,55,84.0
7.440000000000006,1.411040240959324,2,55,84.0
7.448000000000006,1.3437480307347698,2,55,84.0
7.456000000000006,1.2886538287813387,2,55,84.0
7.464000000000006,1.2435465113257758,2,55,84.0
7.472000000000006,1.206615763336055,2,55,84.0
7.480000000000006,1.1763794242226977,2,55,84.0
7.488000000000006,1.1516240035300975,2,55,84.0
7.496000000000006,1.1313559793036827,2,55,84.0
7.504000000000006,1.1147619245653873,2,55,85.0
7.512000000000006,1.457632362812232,2,55,85.0
7.520000000000006,1.7383509349262491,2,55,85.0
7.528000000000006,1.968183862876134,2,55,85.0
7.536000000000006,2.1563551490586605,2,55,85.0
7.544000000000006,2.310416767902533,2,55,85.0
7.552000000000006,2.4365517531189895,2,55,85.0
7.560000000000006,2.5398223445547394,2,55,85.0
7.568000000000006,2.624373153651739,2,55,85.0
7.576000000000006,2.6935975012570785,2,55,85.0
7.584000000000006,2.75027360350333,2,55,85.0
7.592000000000006,2.7966760713769285,2,55,85.0
7.600000000000006,2.8346671988437566,2,55,85.0
7.608000000000006,2.8657717032449543,2,55,85.0
7.616000000000006,2.8912379175574645,3,54,85.0
7.624000000000006,2.9120878903795906,3,54,85.0
7.632000000000006,2.9291584043299057,3,54,85.0
7.640000000000006,2.5889219387452767,3,54,85.0
7.648000000000006,2.3103598810525825,3,54,85.0
7.656000000000006,2.0822925577788904,3,54,85.0
7.664000000000006,1.8955668264425414,3,54,85.0
7.672000000000006,1.742688727806495,3,54,85.0
7.680000000000006,1.6175227269810752,3,54,85.0
7.688000000000006,1.5150454728655196,3,54,85.0
7.696000000000006,1.4311441934301272,3,54,85.0
7.704000000000006,1.362451635733782,3,54,85.0
7.712000000000006,1.3062109262402009,3,54,85.0
7.720000000000006,1.260164927802881,3,54,85.0
7.728000000000006,1.2224656528260667,3,54,85.0
7.736000000000006,1.1916000970338054,3,54,85.0
7.744000000000006,1.166329517295837,3,54,85.0
7.752000000000006,1.145639716516253,3,54,85.0
7.760000000000006,1.4829129606695495,3,54,85.0
7.768000000000006,1.7590489378482321,3,54,85.0
7.776000000000006,1.985129954395659,3,54,85.0
7.784000000000006,2.17022943533017,3,54,85.0
7.792000000000006,2.3217760727500254,3,54,85.0
7.800000000000006,2.445851965331219,3,54,85.0
7.808000000000006,2.547436714303043,3,54,85.0
7.816000000000006,2.6306072723299825,3,54,85.0
7.824000000000006,2.698701565937294,3,54,85.0
7.832000000000006,2.7544524582227217,3,54,85.0
7.840000000000006,2.8000974282483395,3,54,85.0
7.848000000000006,2.8374683689316353,4,53,85.0
7.856000000000006,2.8680651073405024,4,53,85.0
7.864000000000006,2.8931155980197243,4,53,85.0
7.872000000000006,2.9136252051184965,4,53,85.0
7.880000000000006,2.9304170511838086,4,53,85.0
7.888000000000006,2.589952431631832,4,53,85.0
7.896000000000006,2.311203577269633,4,53,85.0
7.904000000000006,2.0829833178180452,4,53,85.0
7.912000000000006,1.8961323729295945,4,53,85.0
7.920000000000006,1.7431517581077407,4,53,85.0
7.928000000000006,1.6179018241283118,4,53,85.0
7.936000000000006,1.5153558513583665,4,53,85.0
7.944000000000006,1.4313983098473149,4,53,85.0
7.952000000000006,1.3626596886593958,4,53,85.0
7.960000000000006,1.3063812655686686,4,53,85.0
7.968000000000006,1.2603043898495563,4,53,85.0
7.976000000000006,1.222579834692567,4,53,85.0
7.984000000000006,1.1916935812393532,4,53,85.0
7.992000000000006,1.166406055689846,4,53,85.0
8.000000000000005,1.1457023808532192,4,53,85.0
